Contact type,User_ID
Client,VB1CT1159      
Client,VB1CT509       
Client,VB1CT563       
Client,VB1CT481       
Client,VB1CT429       
Client,VB1CT449       
Client,VB1CT1030      
Client,VB1CT451       
Client,VB1CT1166      
Client,VB1CT535       
Client,VB1CT486       
Client,VB1CT483       
Client,VB1CT425       
Client,VB1CT1180      
Client,VB1CT539       
Client,VB1CT829       
Client,VB1CT437       
Client,VB1CT1178      
Client,VB1CT510       
Client,VB1CT508       
Client,VB1CT540       
Client,VB1CT526       
Client,VB1CT1174      
Client,VB1CT421       
Client,VB1CT467       
Client,VB1CT523       
Client,VB3CT471       
Client,VB1CT480       
Client,VB1CT440       
Client,VB1CT441       
Client,VB1CT512       
Client,VB1CT434       
Client,VB1CT552       
Client,VB1CT529       
Client,VB1CT564       
Client,VB1CT1179      
Client,VB1CT500       
Client,VB1CT527       
Client,VB1CT903       
Client,VB1CT1163      
Client,VB1CT485       
Client,VB1CT855       
Client,VB1CT541       
Client,VB1CT472       
Client,VB1CT537       
Client,VB1CT1162      
Client,VB1CT413       
Client,VB1CT468       
Client,VB1CT902       
Client,VB1CT1167      
Client,VB1CT534       
Client,VB1CT528       
Client,VB1CT479       
Client,VB1CT1160      
Client,VB1CT901       
Client,VB1CT517       
Client,VB1CT475       
Client,VB1CT427       
Client,VB1CT516       
Client,VB1CT462       
Client,VB1CT1181      
Client,VB1CT854       
Client,VB1CT443       
Client,VB1CT470       
Client,VB1CT1038      
Client,VB1CT1172      
Client,VB1CT515       
Client,VB1CT1086      
Client,VB1CT471       
Client,VB1CT42        
Client,VB1CT466       
Client,VB1CT865       
Client,VB1CT506       
Client,VB1CT533       
Client,VB1CT555       
Client,VB1CT1184      
Client,VB1CT447       
Client,VB1CT1169      
Client,VB1CT1177      
Client,VB1CT530       
Client,VB1CT548       
Client,VB1CT469       
Client,VB1CT502       
Client,VB1CT458       
Client,VB1CT976       
Client,VB1CT556       
Client,VB1CT550       
Client,VB1CT1165      
Client,VB1CT558       
Client,VB1CT514       
Client,VB1CT432       
Client,VB1CT1029      
Client,VB1CT1145      
Client,VB1CT484       
Client,VB1CT521       
Client,VB1CT513       
Client,VB1CT1164      
Client,VB1CT520       
Client,VB1CT1098      
Client,VB1CT524       
Client,VB1CT478       
Client,VB1CT501       
Client,VB1CT519       
Client,VB1CT1168      
Client,VB1CT102       
Client,VB1CT531       
Client,VB1CT518       
Client,VB1CT482       
Client,VB1CT448       
Client,VB1CT532       
Client,VB1CT431       
Client,VB1CT578       
Client,VB1CT439       
Client,VB1CT553       
Client,VB1CT522       
Client,VB1CT1170      
Client,VB1CT445       
Client,VB1CT459       
Client,
Source,VB1CT1000      
Source,VB1CT1001      
Source,VB1CT1002      
Source,VB1CT1003      
Source,VB1CT1004      
Source,VB1CT1005      
Source,VB1CT1006      
Source,VB1CT1007      
Source,VB1CT1008      
Source,VB1CT1009      
Source,VB1CT1010      
Source,VB1CT1011      
Source,VB1CT1012      
Source,VB1CT1013      
Source,VB1CT1014      
Source,VB1CT1015      
Source,VB1CT1016      
Source,VB1CT1017      
Source,VB1CT1018      
Source,VB1CT1019      
Source,VB1CT1020      
Source,VB1CT1021      
Source,VB1CT1022      
Source,VB1CT1023      
Source,VB1CT1024      
Source,VB1CT1025      
Source,VB1CT1026      
Source,VB1CT1027      
Source,VB1CT1028      
Source,VB1CT1031      
Source,VB1CT1032      
Source,VB1CT1033      
Source,VB1CT1034      
Source,VB1CT1035      
Source,VB1CT1036      
Source,VB1CT1037      
Source,VB1CT1039      
Source,VB1CT1040      
Source,VB1CT1041      
Source,VB1CT1042      
Source,VB1CT1043      
Source,VB1CT1044      
Source,VB1CT1045      
Source,VB1CT1046      
Source,VB1CT1047      
Source,VB1CT1048      
Source,VB1CT1049      
Source,VB1CT1050      
Source,VB1CT1051      
Source,VB1CT1052      
Source,VB1CT1053      
Source,VB1CT1054      
Source,VB1CT1055      
Source,VB1CT1056      
Source,VB1CT1057      
Source,VB1CT1058      
Source,VB1CT1059      
Source,VB1CT1060      
Source,VB1CT1061      
Source,VB1CT1062      
Source,VB1CT1063      
Source,VB1CT1064      
Source,VB1CT1066      
Source,VB1CT1067      
Source,VB1CT1068      
Source,VB1CT1069      
Source,VB1CT1070      
Source,VB1CT1071      
Source,VB1CT1072      
Source,VB1CT1073      
Source,VB1CT1074      
Source,VB1CT1075      
Source,VB1CT1076      
Source,VB1CT1077      
Source,VB1CT1078      
Source,VB1CT1079      
Source,VB1CT1080      
Source,VB1CT1081      
Source,VB1CT1082      
Source,VB1CT1083      
Source,VB1CT1084      
Source,VB1CT1085      
Source,VB1CT1087      
Source,VB1CT1088      
Source,VB1CT1089      
Source,VB1CT1090      
Source,VB1CT1091      
Source,VB1CT1092      
Source,VB1CT1093      
Source,VB1CT1094      
Source,VB1CT1095      
Source,VB1CT1096      
Source,VB1CT1097      
Source,VB1CT1099      
Source,VB1CT1100      
Source,VB1CT1101      
Source,VB1CT1102      
Source,VB1CT1103      
Source,VB1CT1104      
Source,VB1CT1105      
Source,VB1CT1106      
Source,VB1CT1107      
Source,VB1CT1108      
Source,VB1CT1109      
Source,VB1CT1110      
Source,VB1CT1111      
Source,VB1CT1112      
Source,VB1CT1113      
Source,VB1CT1114      
Source,VB1CT1115      
Source,VB1CT1116      
Source,VB1CT1117      
Source,VB1CT1118      
Source,VB1CT1119      
Source,VB1CT1120      
Source,VB1CT1121      
Source,VB1CT1122      
Source,VB1CT1123      
Source,VB1CT1124      
Source,VB1CT1125      
Source,VB1CT1126      
Source,VB1CT1127      
Source,VB1CT1128      
Source,VB1CT1129      
Source,VB1CT1130      
Source,VB1CT1131      
Source,VB1CT1132      
Source,VB1CT1133      
Source,VB1CT1134      
Source,VB1CT1135      
Source,VB1CT1136      
Source,VB1CT1137      
Source,VB1CT1138      
Source,VB1CT1139      
Source,VB1CT1140      
Source,VB1CT1141      
Source,VB1CT1142      
Source,VB1CT1143      
Source,VB1CT1144      
Source,VB1CT1146      
Source,VB1CT1147      
Source,VB1CT1148      
Source,VB1CT1149      
Source,VB1CT1150      
Source,VB1CT1151      
Source,VB1CT1152      
Source,VB1CT1153      
Source,VB1CT1154      
Source,VB1CT1155      
Source,VB1CT1156      
Source,VB1CT1157      
Source,VB1CT1173      
Source,VB1CT1176      
Source,VB1CT1182      
Source,VB1CT1183      
Source,VB1CT1186      
Source,VB1CT1187      
Source,VB1CT1188      
Source,VB1CT1189      
Source,VB1CT1190      
Source,VB1CT1191      
Source,VB1CT1192      
Source,VB1CT1194      
Source,VB1CT1195      
Source,VB1CT1196      
Source,VB1CT1197      
Source,VB1CT1198      
Source,VB1CT1199      
Source,VB1CT1200      
Source,VB1CT1201      
Source,VB1CT1202      
Source,VB1CT1203      
Source,VB1CT1204      
Source,VB1CT1205      
Source,VB1CT1206      
Source,VB1CT1207      
Source,VB1CT1208      
Source,VB1CT1209      
Source,VB1CT1210      
Source,VB1CT152       
Source,VB1CT174       
Source,VB1CT191       
Source,VB1CT193       
Source,VB1CT196       
Source,VB1CT198       
Source,VB1CT224       
Source,VB1CT225       
Source,VB1CT227       
Source,VB1CT228       
Source,VB1CT259       
Source,VB1CT260       
Source,VB1CT266       
Source,VB1CT267       
Source,VB1CT268       
Source,VB1CT269       
Source,VB1CT270       
Source,VB1CT271       
Source,VB1CT272       
Source,VB1CT273       
Source,VB1CT274       
Source,VB1CT275       
Source,VB1CT276       
Source,VB1CT277       
Source,VB1CT278       
Source,VB1CT279       
Source,VB1CT280       
Source,VB1CT281       
Source,VB1CT282       
Source,VB1CT283       
Source,VB1CT284       
Source,VB1CT285       
Source,VB1CT286       
Source,VB1CT287       
Source,VB1CT288       
Source,VB1CT289       
Source,VB1CT290       
Source,VB1CT291       
Source,VB1CT292       
Source,VB1CT293       
Source,VB1CT294       
Source,VB1CT295       
Source,VB1CT296       
Source,VB1CT297       
Source,VB1CT298       
Source,VB1CT299       
Source,VB1CT300       
Source,VB1CT301       
Source,VB1CT302       
Source,VB1CT303       
Source,VB1CT304       
Source,VB1CT305       
Source,VB1CT306       
Source,VB1CT307       
Source,VB1CT308       
Source,VB1CT309       
Source,VB1CT310       
Source,VB1CT311       
Source,VB1CT312       
Source,VB1CT313       
Source,VB1CT314       
Source,VB1CT315       
Source,VB1CT316       
Source,VB1CT317       
Source,VB1CT318       
Source,VB1CT319       
Source,VB1CT32        
Source,VB1CT320       
Source,VB1CT321       
Source,VB1CT322       
Source,VB1CT323       
Source,VB1CT324       
Source,VB1CT325       
Source,VB1CT326       
Source,VB1CT327       
Source,VB1CT328       
Source,VB1CT329       
Source,VB1CT330       
Source,VB1CT331       
Source,VB1CT332       
Source,VB1CT333       
Source,VB1CT334       
Source,VB1CT335       
Source,VB1CT336       
Source,VB1CT337       
Source,VB1CT338       
Source,VB1CT339       
Source,VB1CT340       
Source,VB1CT341       
Source,VB1CT342       
Source,VB1CT343       
Source,VB1CT344       
Source,VB1CT345       
Source,VB1CT346       
Source,VB1CT347       
Source,VB1CT348       
Source,VB1CT349       
Source,VB1CT35        
Source,VB1CT350       
Source,VB1CT351       
Source,VB1CT352       
Source,VB1CT353       
Source,VB1CT354       
Source,VB1CT355       
Source,VB1CT356       
Source,VB1CT357       
Source,VB1CT358       
Source,VB1CT359       
Source,VB1CT360       
Source,VB1CT361       
Source,VB1CT362       
Source,VB1CT363       
Source,VB1CT364       
Source,VB1CT365       
Source,VB1CT366       
Source,VB1CT367       
Source,VB1CT368       
Source,VB1CT369       
Source,VB1CT370       
Source,VB1CT371       
Source,VB1CT372       
Source,VB1CT373       
Source,VB1CT374       
Source,VB1CT375       
Source,VB1CT376       
Source,VB1CT377       
Source,VB1CT378       
Source,VB1CT379       
Source,VB1CT38        
Source,VB1CT380       
Source,VB1CT381       
Source,VB1CT382       
Source,VB1CT383       
Source,VB1CT384       
Source,VB1CT385       
Source,VB1CT386       
Source,VB1CT387       
Source,VB1CT388       
Source,VB1CT389       
Source,VB1CT39        
Source,VB1CT390       
Source,VB1CT391       
Source,VB1CT392       
Source,VB1CT394       
Source,VB1CT395       
Source,VB1CT397       
Source,VB1CT399       
Source,VB1CT403       
Source,VB1CT404       
Source,VB1CT406       
Source,VB1CT408       
Source,VB1CT409       
Source,VB1CT410       
Source,VB1CT411       
Source,VB1CT489       
Source,VB1CT543       
Source,VB1CT544       
Source,VB1CT545       
Source,VB1CT546       
Source,VB1CT547       
Source,VB1CT549       
Source,VB1CT565       
Source,VB1CT566       
Source,VB1CT567       
Source,VB1CT568       
Source,VB1CT569       
Source,VB1CT570       
Source,VB1CT571       
Source,VB1CT572       
Source,VB1CT573       
Source,VB1CT574       
Source,VB1CT575       
Source,VB1CT576       
Source,VB1CT577       
Source,VB1CT579       
Source,VB1CT580       
Source,VB1CT581       
Source,VB1CT582       
Source,VB1CT583       
Source,VB1CT584       
Source,VB1CT585       
Source,VB1CT586       
Source,VB1CT587       
Source,VB1CT588       
Source,VB1CT589       
Source,VB1CT590       
Source,VB1CT591       
Source,VB1CT592       
Source,VB1CT593       
Source,VB1CT594       
Source,VB1CT595       
Source,VB1CT596       
Source,VB1CT597       
Source,VB1CT598       
Source,VB1CT599       
Source,VB1CT600       
Source,VB1CT601       
Source,VB1CT602       
Source,VB1CT603       
Source,VB1CT604       
Source,VB1CT605       
Source,VB1CT606       
Source,VB1CT607       
Source,VB1CT608       
Source,VB1CT609       
Source,VB1CT610       
Source,VB1CT611       
Source,VB1CT612       
Source,VB1CT613       
Source,VB1CT614       
Source,VB1CT615       
Source,VB1CT616       
Source,VB1CT617       
Source,VB1CT618       
Source,VB1CT619       
Source,VB1CT620       
Source,VB1CT621       
Source,VB1CT622       
Source,VB1CT623       
Source,VB1CT624       
Source,VB1CT625       
Source,VB1CT626       
Source,VB1CT627       
Source,VB1CT628       
Source,VB1CT629       
Source,VB1CT630       
Source,VB1CT631       
Source,VB1CT632       
Source,VB1CT633       
Source,VB1CT634       
Source,VB1CT635       
Source,VB1CT636       
Source,VB1CT637       
Source,VB1CT638       
Source,VB1CT639       
Source,VB1CT640       
Source,VB1CT641       
Source,VB1CT642       
Source,VB1CT643       
Source,VB1CT644       
Source,VB1CT645       
Source,VB1CT646       
Source,VB1CT647       
Source,VB1CT648       
Source,VB1CT649       
Source,VB1CT650       
Source,VB1CT651       
Source,VB1CT652       
Source,VB1CT653       
Source,VB1CT654       
Source,VB1CT655       
Source,VB1CT656       
Source,VB1CT657       
Source,VB1CT658       
Source,VB1CT659       
Source,VB1CT660       
Source,VB1CT661       
Source,VB1CT662       
Source,VB1CT663       
Source,VB1CT664       
Source,VB1CT665       
Source,VB1CT666       
Source,VB1CT667       
Source,VB1CT668       
Source,VB1CT669       
Source,VB1CT670       
Source,VB1CT671       
Source,VB1CT672       
Source,VB1CT673       
Source,VB1CT674       
Source,VB1CT675       
Source,VB1CT676       
Source,VB1CT677       
Source,VB1CT678       
Source,VB1CT679       
Source,VB1CT680       
Source,VB1CT681       
Source,VB1CT682       
Source,VB1CT683       
Source,VB1CT684       
Source,VB1CT685       
Source,VB1CT686       
Source,VB1CT687       
Source,VB1CT688       
Source,VB1CT689       
Source,VB1CT690       
Source,VB1CT691       
Source,VB1CT692       
Source,VB1CT693       
Source,VB1CT694       
Source,VB1CT695       
Source,VB1CT696       
Source,VB1CT697       
Source,VB1CT698       
Source,VB1CT699       
Source,VB1CT700       
Source,VB1CT701       
Source,VB1CT702       
Source,VB1CT703       
Source,VB1CT704       
Source,VB1CT705       
Source,VB1CT706       
Source,VB1CT707       
Source,VB1CT708       
Source,VB1CT709       
Source,VB1CT710       
Source,VB1CT711       
Source,VB1CT712       
Source,VB1CT713       
Source,VB1CT714       
Source,VB1CT715       
Source,VB1CT716       
Source,VB1CT717       
Source,VB1CT718       
Source,VB1CT719       
Source,VB1CT720       
Source,VB1CT721       
Source,VB1CT722       
Source,VB1CT723       
Source,VB1CT724       
Source,VB1CT725       
Source,VB1CT726       
Source,VB1CT727       
Source,VB1CT728       
Source,VB1CT729       
Source,VB1CT730       
Source,VB1CT731       
Source,VB1CT732       
Source,VB1CT733       
Source,VB1CT734       
Source,VB1CT735       
Source,VB1CT736       
Source,VB1CT737       
Source,VB1CT738       
Source,VB1CT739       
Source,VB1CT740       
Source,VB1CT741       
Source,VB1CT742       
Source,VB1CT743       
Source,VB1CT744       
Source,VB1CT745       
Source,VB1CT746       
Source,VB1CT747       
Source,VB1CT748       
Source,VB1CT749       
Source,VB1CT750       
Source,VB1CT751       
Source,VB1CT752       
Source,VB1CT753       
Source,VB1CT754       
Source,VB1CT755       
Source,VB1CT756       
Source,VB1CT757       
Source,VB1CT758       
Source,VB1CT759       
Source,VB1CT760       
Source,VB1CT761       
Source,VB1CT762       
Source,VB1CT763       
Source,VB1CT764       
Source,VB1CT765       
Source,VB1CT766       
Source,VB1CT767       
Source,VB1CT768       
Source,VB1CT769       
Source,VB1CT770       
Source,VB1CT771       
Source,VB1CT772       
Source,VB1CT773       
Source,VB1CT774       
Source,VB1CT775       
Source,VB1CT776       
Source,VB1CT777       
Source,VB1CT778       
Source,VB1CT779       
Source,VB1CT780       
Source,VB1CT781       
Source,VB1CT782       
Source,VB1CT783       
Source,VB1CT784       
Source,VB1CT785       
Source,VB1CT786       
Source,VB1CT787       
Source,VB1CT788       
Source,VB1CT789       
Source,VB1CT79        
Source,VB1CT790       
Source,VB1CT791       
Source,VB1CT792       
Source,VB1CT793       
Source,VB1CT794       
Source,VB1CT795       
Source,VB1CT796       
Source,VB1CT797       
Source,VB1CT798       
Source,VB1CT799       
Source,VB1CT80        
Source,VB1CT801       
Source,VB1CT802       
Source,VB1CT803       
Source,VB1CT804       
Source,VB1CT805       
Source,VB1CT806       
Source,VB1CT807       
Source,VB1CT808       
Source,VB1CT809       
Source,VB1CT810       
Source,VB1CT811       
Source,VB1CT812       
Source,VB1CT813       
Source,VB1CT814       
Source,VB1CT815       
Source,VB1CT816       
Source,VB1CT817       
Source,VB1CT818       
Source,VB1CT819       
Source,VB1CT82        
Source,VB1CT820       
Source,VB1CT821       
Source,VB1CT822       
Source,VB1CT823       
Source,VB1CT824       
Source,VB1CT825       
Source,VB1CT826       
Source,VB1CT827       
Source,VB1CT828       
Source,VB1CT830       
Source,VB1CT831       
Source,VB1CT832       
Source,VB1CT833       
Source,VB1CT834       
Source,VB1CT835       
Source,VB1CT836       
Source,VB1CT837       
Source,VB1CT838       
Source,VB1CT839       
Source,VB1CT840       
Source,VB1CT841       
Source,VB1CT842       
Source,VB1CT843       
Source,VB1CT844       
Source,VB1CT845       
Source,VB1CT846       
Source,VB1CT847       
Source,VB1CT848       
Source,VB1CT849       
Source,VB1CT850       
Source,VB1CT851       
Source,VB1CT852       
Source,VB1CT853       
Source,VB1CT856       
Source,VB1CT857       
Source,VB1CT858       
Source,VB1CT859       
Source,VB1CT860       
Source,VB1CT861       
Source,VB1CT862       
Source,VB1CT863       
Source,VB1CT864       
Source,VB1CT866       
Source,VB1CT867       
Source,VB1CT868       
Source,VB1CT869       
Source,VB1CT870       
Source,VB1CT871       
Source,VB1CT872       
Source,VB1CT873       
Source,VB1CT874       
Source,VB1CT875       
Source,VB1CT876       
Source,VB1CT877       
Source,VB1CT878       
Source,VB1CT879       
Source,VB1CT880       
Source,VB1CT881       
Source,VB1CT882       
Source,VB1CT883       
Source,VB1CT884       
Source,VB1CT885       
Source,VB1CT886       
Source,VB1CT887       
Source,VB1CT888       
Source,VB1CT889       
Source,VB1CT890       
Source,VB1CT891       
Source,VB1CT892       
Source,VB1CT893       
Source,VB1CT894       
Source,VB1CT895       
Source,VB1CT896       
Source,VB1CT897       
Source,VB1CT898       
Source,VB1CT899       
Source,VB1CT900       
Source,VB1CT904       
Source,VB1CT905       
Source,VB1CT907       
Source,VB1CT908       
Source,VB1CT909       
Source,VB1CT910       
Source,VB1CT911       
Source,VB1CT912       
Source,VB1CT913       
Source,VB1CT914       
Source,VB1CT915       
Source,VB1CT916       
Source,VB1CT917       
Source,VB1CT918       
Source,VB1CT919       
Source,VB1CT920       
Source,VB1CT921       
Source,VB1CT922       
Source,VB1CT923       
Source,VB1CT924       
Source,VB1CT925       
Source,VB1CT926       
Source,VB1CT927       
Source,VB1CT928       
Source,VB1CT929       
Source,VB1CT930       
Source,VB1CT931       
Source,VB1CT932       
Source,VB1CT933       
Source,VB1CT934       
Source,VB1CT935       
Source,VB1CT936       
Source,VB1CT937       
Source,VB1CT938       
Source,VB1CT939       
Source,VB1CT940       
Source,VB1CT941       
Source,VB1CT942       
Source,VB1CT943       
Source,VB1CT944       
Source,VB1CT945       
Source,VB1CT946       
Source,VB1CT947       
Source,VB1CT948       
Source,VB1CT949       
Source,VB1CT950       
Source,VB1CT951       
Source,VB1CT952       
Source,VB1CT953       
Source,VB1CT954       
Source,VB1CT956       
Source,VB1CT957       
Source,VB1CT958       
Source,VB1CT959       
Source,VB1CT960       
Source,VB1CT961       
Source,VB1CT962       
Source,VB1CT963       
Source,VB1CT964       
Source,VB1CT965       
Source,VB1CT966       
Source,VB1CT967       
Source,VB1CT968       
Source,VB1CT969       
Source,VB1CT970       
Source,VB1CT971       
Source,VB1CT972       
Source,VB1CT973       
Source,VB1CT974       
Source,VB1CT975       
Source,VB1CT977       
Source,VB1CT978       
Source,VB1CT979       
Source,VB1CT980       
Source,VB1CT981       
Source,VB1CT984       
Source,VB1CT985       
Source,VB1CT986       
Source,VB1CT987       
Source,VB1CT988       
Source,VB1CT989       
Source,VB1CT990       
Source,VB1CT991       
Source,VB1CT992       
Source,VB1CT993       
Source,VB1CT994       
Source,VB1CT995       
Source,VB1CT996       
Source,VB1CT997       
Source,VB1CT998       
Source,VB1CT999       
Source,VB3CT11        
Source,VB3CT21        
Source,VB3CT323       
Source,VB3CT415       
Source,VB3CT426       
Source,VB3CT427       
Source,VB3CT428       
Source,VB3CT439       
Source,VB3CT44        
Source,VB3CT440       
Source,VB3CT450       
Source,VB3CT451       
Source,VB3CT452       
Source,VB3CT454       
Source,VB3CT455       
Source,VB3CT456       
Source,VB3CT457       
Source,VB3CT482       
Source,VB3CT483       
Source,VB3CT493       
Source,VB3CT496       
Source,VB3CT506       
Source,VB3CT507       
Source,VB3CT518       
Source,VB3CT519       
Source,VB3CT520       
Source,VB3CT521       
Source,VB3CT539       
Source,VB3CT540       
Staff,VB1CT178       
Staff,VB3CT546       
Staff,VB1CT153       
Staff,VB1CT463       
Staff,VB1CT37        
Staff,VB1CT194       
Staff,VB1CT213       
Staff,VB1CT166       
Staff,VB1CT400       
Staff,VB1CT401       
Staff,VB1CT92        
Staff,VB1CT251       
Staff,VB1CT127       
Staff,VB1CT63        
Staff,VB1CT236       
Staff,VB1CT438       
Staff,VB1CT492       
Staff,VB1CT216       
Staff,VB1CT226       
Staff,VB1CT165       
Staff,VB1CT161       
Staff,VB1CT74        
Staff,VB3CT126       
Staff,VB1CT61        
Staff,VB1CT248       
Staff,VB1CT249       
Staff,VB3CT371       
Staff,VB1CT87        
Staff,VB1CT71        
Staff,VB1CT60        
Staff,VB1CT181       
Staff,VB1CT66        
Staff,VB1CT88        
Staff,VB1CT203       
Staff,VB1CT235       
Staff,VB1CT89        
Staff,VB1CT495       
Staff,VB1CT442       
Staff,VB1CT162       
Staff,VB1CT67        
Staff,VB1CT220       
Staff,VB1CT416       
Staff,VB3CT547       
Staff,VB1CT128       
Staff,VB1CT218       
Staff,VB1CT151       
Staff,VB1CT173       
Staff,VB1CT146       
Staff,VB1CT250       
Staff,VB3CT461       
Staff,VB1CT525       
Staff,VB1CT204       
Staff,VB1CT190       
Staff,VB1CT155       
Staff,VB1CT108       
Staff,VB1CT230       
Staff,VB1CT85        
Staff,VB1CT496       
Staff,VB1CT219       
Staff,VB3CT536       
Staff,VB1CT124       
Staff,VB1CT115       
Staff,VB3CT47        
Staff,VB1CT147       
Staff,VB1CT109       
Staff,VB1CT76        
Staff,VB1CT498       
Staff,VB1CT107       
Staff,VB1CT460       
Staff,VB1CT73        
Staff,VB1CT217       
Staff,VB1CT160       
Staff,VB1CT158       
Staff,VB1CT83        
Staff,VB2CT3         
Staff,VB1CT398       
Staff,VB1CT561       
Staff,VB3CT548       
Staff,VB1CT91        
Staff,VB3CT538       
Staff,VB1CT223       
Staff,VB1CT252       
Staff,VB1CT119       
Staff,VB1CT206       
Staff,VB1CT499       
Staff,VB1CT407       
Staff,VB1CT247       
Staff,VB1CT149       
Staff,VB1CT233       
Staff,VB1CT490       
Staff,VB1CT68        
Staff,VB1CT231       
Staff,VB1CT202       
Staff,VB3CT535       
Staff,VB1CT491       
Staff,VB1CT110       
Staff,VB1CT145       
Staff,VB1CT101       
Staff,VB1CT62        
Staff,VB1CT179       
Staff,VB3CT59        
Staff,VB1CT157       
Staff,VB3CT83        
Staff,VB1CT214       
Staff,VB1CT405       
Staff,VB1CT209       
Staff,VB3CT370       
Staff,VB1CT122       
Staff,VB1CT420       
Staff,VB1CT77        
Staff,VB3CT533       
Staff,VB1CT246       
Staff,VB1CT58        
Staff,VB1CT143       
Staff,VB1CT138       
Staff,VB1CT245       
Staff,VB1CT64        
Staff,VB1CT494       
Staff,VB1CT90        
Staff,VB1CT129       
Staff,VB1CT139       
Staff,VB1CT402       
Staff,VB1CT81        
Staff,VB1CT123       
Staff,VB1CT111       
Staff,VB1CT118       
Staff,VB1CT238       
Staff,VB1CT210       
Staff,VB1CT100       
Staff,VB1CT172       
Staff,VB1CT415       
Staff,VB1CT75        
Staff,VB1CT72        
Staff,VB1CT562       
Staff,VB1CT197       
Staff,VB1CT211       
Staff,VB1CT464       
Staff,VB1CT417       
Staff,VB1CT242       
Staff,VB1CT169       
Staff,VB1CT477       
Staff,VB1CT476       
Staff,VB2CT1         
Staff,VB1CT423       
Staff,VB1CT171       
Staff,VB1CT136       
Staff,VB1CT261       
Staff,VB3CT116       
Staff,VB1CT473       
Staff,VB1CT168       
Staff,VB1CT84        
Staff,VB1CT465       
Staff,VB1CT229       
Staff,VB1CT208       
Staff,VB1CT170       
Staff,VB1CT150       
Staff,VB1CT131       
Staff,VB1CT461       
Staff,VB1CT167       
Staff,VB1CT164       
Staff,VB1CT222       
Staff,VB1CT192       
Staff,VB1CT70        
Staff,VB2CT2         
Staff,VB3CT537       
Staff,VB1CT262       
Staff,VB1CT412       
Staff,VB1CT180       
Staff,VB1CT215       
Staff,VB1CT144       
Staff,VB1CT493       
Staff,VB1CT175       
Staff,VB3CT534       
Staff,VB1CT116       
Staff,VB1CT142       
Staff,VB1CT243       
Staff,VB1CT234       
Staff,VB1CT205       
Staff,VB1CT221       
Staff,VB1CT240       
Staff,VB1CT560       
Staff,VB1CT237       
Staff,VB1CT232       
Staff,VB1CT117       
Staff,VB1CT113       
Staff,VB1CT444       
Staff,VB1CT433       
Staff,VB1CT103       
Staff,VB1CT264       
Staff,VB1CT195       
Staff,VB1CT148       
Staff,VB1CT177       
Staff,VB1CT207       
Staff,VB3CT388       
Staff,VB1CT65        
Staff,VB1CT133       
Staff,VB3CT549       
Staff,VB1CT156       
Staff,VB1CT239       
Staff,VB1CT121       
Staff,VB1CT241       
Staff,VB1CT120       
Staff,VB1CT428       
Staff,VB3CT93        
Staff,VB1CT542       
Staff,VB1CT263       
Staff,VB1CT200       
Staff,VB1CT497       
Staff,VB1CT159       
Staff,VB1CT244       
Staff,VB1CT435       
Staff,VB1CT212       
Staff,VB1CT265       
Staff,VB1CT125       
Staff,VB1CT163       
Staff,VB1CT182       
Staff,VB1CT536       
Staff,VB1CT137       
Staff,VB1CT86        
